Num_0_100,Num_0_1,Num_neg10_10,String_A,String_B,String_C,Bool_A,Bool_B,Bool_C
68.0,0.23,-5.802,cherry,red,triangle,True,True,True
79.0,0.93,-2.1182,elderberry,,circle,False,False,False
87.0,0.67,5.8836,cherry,yellow,square,True,False,False
83.0,,7.2499,cherry,purple,hexagon,False,,False
10.0,0.8,-2.4401,apple,green,,True,True,False
79.0,0.09,-5.9707,elderberry,blue,pentagon,True,False,False
61.0,0.94,8.9074,banana,blue,square,False,False,True
53.0,0.28,2.263,elderberry,green,square,False,True,True
5.0,0.49,9.6781,elderberry,green,square,True,False,False
42.0,0.3,-1.9555,elderberry,yellow,pentagon,True,False,False
29.0,0.88,-0.4907,cherry,blue,pentagon,True,True,False
37.0,0.09,-4.2112,date,purple,pentagon,False,False,False
47.0,0.99,6.3525,elderberry,red,triangle,True,False,False
75.0,0.47,-3.0828,apple,,triangle,True,True,False
82.0,0.5,0.431,date,red,triangle,False,True,True
72.0,0.42,-0.2558,apple,green,square,False,True,True
88.0,0.71,2.5394,cherry,blue,triangle,False,True,False
40.0,0.98,5.3039,apple,green,circle,False,False,False
7.0,0.56,-5.6457,apple,yellow,circle,False,False,True
43.0,0.65,-0.0549,banana,green,pentagon,False,True,True
96.0,0.62,-0.3062,cherry,green,hexagon,False,False,True
88.0,0.41,4.1191,date,yellow,triangle,False,True,True
68.0,0.9,-7.1291,apple,yellow,triangle,True,True,False
23.0,0.77,5.3594,cherry,purple,square,,True,True
10.0,0.3,5.5543,apple,blue,hexagon,True,False,False
84.0,0.03,-7.2474,date,yellow,pentagon,True,True,True
9.0,0.49,-4.2151,date,yellow,pentagon,True,True,False
10.0,0.7,-9.5583,cherry,blue,hexagon,True,True,True
97.0,0.94,-8.4503,date,green,square,False,False,False
72.0,0.83,-8.8553,banana,blue,square,False,,False
23.0,0.77,4.0173,elderberry,red,triangle,False,True,False
39.0,0.11,-3.9707,cherry,blue,square,False,True,True
47.0,0.63,-8.7499,cherry,red,hexagon,False,False,True
52.0,0.41,-5.117,date,yellow,square,True,False,True
23.0,0.52,-4.6958,apple,yellow,circle,False,True,True
41.0,0.32,-0.329,date,,triangle,False,False,False
53.0,0.2,-4.0409,date,yellow,,True,False,False
77.0,0.56,-4.4346,banana,red,square,False,True,False
40.0,0.51,4.2576,apple,purple,hexagon,True,False,False
27.0,0.34,6.7722,apple,purple,triangle,True,False,True
79.0,0.39,0.3326,elderberry,green,circle,True,False,True
,0.8,-4.6984,date,yellow,triangle,True,True,True
26.0,0.5,-1.9555,apple,,hexagon,False,True,False
40.0,0.23,6.4328,banana,green,triangle,False,True,False
83.0,0.7,4.9603,date,purple,pentagon,True,True,True
21.0,0.13,7.0369,elderberry,red,square,False,False,True
94.0,0.74,6.435,apple,blue,circle,False,False,False
74.0,0.65,-2.9623,banana,green,pentagon,True,False,False
57.0,0.71,2.57,elderberry,yellow,square,True,,False
13.0,0.99,-0.1096,apple,purple,hexagon,False,True,True
27.0,0.47,-7.1891,banana,,pentagon,False,False,True
62.0,0.77,-2.3573,,green,square,,False,False
55.0,0.32,5.9132,date,red,hexagon,True,True,False
88.0,0.77,-8.7263,banana,purple,circle,False,False,True
4.0,0.91,2.2827,apple,yellow,square,True,True,False
72.0,0.28,6.9636,apple,blue,circle,True,False,False
40.0,0.49,2.6911,banana,green,pentagon,False,False,True
11.0,0.16,-4.6442,elderberry,yellow,square,True,True,True
87.0,0.32,8.4733,cherry,purple,hexagon,True,False,True
80.0,0.01,-3.3268,date,green,pentagon,True,False,True
62.0,0.62,-3.874,elderberry,blue,triangle,True,True,False
7.0,0.39,-5.5215,cherry,,triangle,False,True,True
79.0,0.11,-5.8109,banana,yellow,triangle,False,True,False
100.0,0.91,4.9876,cherry,green,square,True,False,
25.0,0.45,-7.9249,elderberry,blue,triangle,True,False,True
25.0,0.51,5.8613,elderberry,yellow,hexagon,True,False,True
88.0,0.63,4.7184,apple,blue,,False,False,False
58.0,0.49,2.7209,date,red,pentagon,True,False,False
64.0,0.93,6.4541,date,green,pentagon,False,True,False
,0.77,8.7165,elderberry,blue,pentagon,True,False,True
36.0,0.21,0.7468,apple,yellow,triangle,True,True,True
25.0,0.62,5.3594,cherry,red,hexagon,False,True,False
21.0,0.55,-5.6684,elderberry,yellow,pentagon,False,False,False
87.0,0.6,0.7231,cherry,blue,triangle,True,True,True
56.0,0.13,-6.5082,cherry,red,,False,False,False
44.0,0.89,0.6222,apple,red,triangle,False,False,True
55.0,0.58,-2.0546,banana,purple,hexagon,False,True,
20.0,0.65,8.7743,banana,purple,hexagon,False,True,False
50.0,0.02,4.7482,elderberry,blue,,False,False,True
21.0,0.63,2.3834,banana,purple,square,,False,False
0.0,0.98,-8.3255,cherry,yellow,hexagon,True,True,True
57.0,0.01,-2.6608,date,,triangle,False,True,True
75.0,0.14,0.3326,apple,blue,square,True,False,True
0.0,0.94,-3.6757,cherry,yellow,pentagon,True,False,True
43.0,0.01,4.9273,date,red,triangle,True,True,True
66.0,0.35,-1.3758,elderberry,green,hexagon,True,True,False
1.0,0.85,-3.9638,date,,square,False,False,False
95.0,0.32,-8.7379,date,green,triangle,False,False,True
73.0,0.91,-8.9246,apple,blue,hexagon,False,,False
77.0,0.42,-3.5254,elderberry,red,triangle,True,False,False
65.0,0.68,-6.1093,apple,yellow,square,True,False,False
89.0,0.9,5.2177,elderberry,yellow,,False,True,False
71.0,0.01,6.435,banana,blue,triangle,True,False,True
66.0,0.45,-0.6624,elderberry,,hexagon,False,True,True
58.0,0.4,3.0757,date,red,triangle,False,False,False
94.0,0.06,-3.7191,date,blue,square,False,True,True
42.0,0.08,7.0731,banana,purple,triangle,False,True,True
10.0,0.17,0.8795,cherry,blue,triangle,False,False,True
46.0,0.16,6.9002,date,blue,triangle,True,False,True
1.0,0.57,8.6773,elderberry,green,triangle,False,True,True
34.0,0.76,3.7668,apple,purple,triangle,True,False,True
42.0,0.8,-3.7724,,red,circle,True,True,True
86.0,0.46,-3.0828,elderberry,purple,triangle,True,True,False
89.0,0.83,3.2673,banana,purple,circle,False,False,False
,0.28,-0.5497,elderberry,red,circle,True,True,True
95.0,0.07,-6.6048,cherry,yellow,pentagon,True,False,True
64.0,0.94,-1.0766,cherry,green,hexagon,True,True,True
65.0,0.61,3.4551,banana,green,hexagon,False,False,True
2.0,0.42,-5.1491,date,purple,triangle,False,False,True
13.0,0.15,3.3346,date,,pentagon,False,True,True
24.0,0.7,2.2329,cherry,red,hexagon,False,True,False
19.0,0.91,8.4438,date,green,pentagon,True,False,False
3.0,0.87,-2.0175,date,green,square,True,False,True
79.0,0.82,-1.6342,date,blue,,False,True,True
9.0,0.32,5.2066,apple,blue,pentagon,True,False,False
68.0,0.69,-3.9707,elderberry,red,pentagon,True,True,False
89.0,0.67,6.4729,cherry,yellow,circle,True,True,False
13.0,0.85,-4.8872,banana,green,square,False,True,False
80.0,0.95,2.5713,banana,blue,square,True,True,True
21.0,0.2,-1.6747,cherry,purple,square,False,False,True
60.0,0.81,6.3438,elderberry,purple,pentagon,True,False,False
98.0,0.02,3.3601,banana,green,circle,False,False,True
26.0,0.51,1.9287,date,blue,circle,True,False,
41.0,0.66,-3.7686,apple,yellow,square,True,False,False
90.0,0.57,0.8515,cherry,blue,square,True,False,False
98.0,0.32,-6.1609,,blue,square,False,False,True
17.0,0.32,5.1386,elderberry,yellow,pentagon,True,False,False
69.0,0.21,4.9273,banana,red,triangle,False,False,True
51.0,0.34,3.9919,cherry,red,circle,False,True,True
68.0,0.35,1.7302,banana,red,triangle,False,False,True
65.0,0.87,6.749,cherry,red,triangle,True,False,False
88.0,0.29,-2.0844,elderberry,red,circle,True,False,False
21.0,0.65,1.0387,elderberry,,hexagon,True,False,True
90.0,0.19,5.057,banana,blue,hexagon,False,False,True
15.0,0.3,-8.9485,elderberry,red,hexagon,False,,False
27.0,0.17,-9.1813,date,blue,hexagon,False,True,False
64.0,0.24,-7.5116,banana,purple,circle,False,False,False
7.0,0.11,-8.6525,cherry,green,,True,True,False
46.0,0.65,4.1127,date,blue,pentagon,True,False,True
75.0,0.29,-2.0649,cherry,purple,pentagon,False,False,False
21.0,0.89,-4.4111,cherry,green,circle,True,True,True
48.0,0.01,-8.7559,cherry,blue,pentagon,True,True,False
77.0,0.62,-0.555,apple,blue,pentagon,False,False,False
50.0,0.29,2.4996,elderberry,blue,pentagon,True,True,True
58.0,0.47,-1.97,cherry,blue,circle,False,True,True
86.0,0.91,-3.1432,apple,yellow,hexagon,False,False,False
7.0,0.18,0.8919,elderberry,blue,,False,True,True
55.0,0.24,1.7931,elderberry,yellow,hexagon,True,True,True
34.0,0.68,6.896,elderberry,red,hexagon,True,False,False
57.0,0.33,0.3442,banana,blue,pentagon,False,True,True
30.0,0.82,-1.9394,apple,green,triangle,True,True,False
22.0,0.36,8.8715,cherry,purple,hexagon,True,False,True
89.0,0.11,-2.6608,apple,blue,triangle,True,False,False
84.0,0.25,-9.4211,elderberry,yellow,pentagon,True,False,True
72.0,0.5,6.3218,apple,blue,circle,True,False,True
19.0,0.7,-8.8577,banana,red,triangle,False,False,False
73.0,0.04,0.2898,cherry,red,hexagon,True,True,False
81.0,0.58,-8.8768,cherry,blue,pentagon,True,True,True
54.0,0.3,-6.2918,elderberry,red,hexagon,False,True,True
75.0,0.52,7.2584,cherry,red,pentagon,False,True,False
6.0,0.27,-7.2589,apple,purple,pentagon,True,False,False
59.0,0.34,6.1614,banana,red,circle,True,False,
43.0,0.85,3.7824,cherry,green,triangle,False,True,
51.0,0.98,7.4263,apple,blue,circle,False,False,False
69.0,0.19,6.3525,date,green,square,False,True,True
86.0,0.42,6.5964,cherry,green,triangle,False,True,False
98.0,0.92,0.0493,date,blue,pentagon,True,False,False
16.0,0.77,-2.2433,elderberry,blue,pentagon,False,True,True
82.0,0.45,4.9321,elderberry,yellow,circle,True,True,True
75.0,0.62,-3.2211,elderberry,purple,circle,False,True,True
46.0,0.48,-4.9203,banana,blue,hexagon,False,True,True
52.0,0.36,-8.4157,apple,red,triangle,False,False,True
67.0,0.71,-1.4369,banana,purple,square,True,False,True
13.0,0.79,-7.3542,elderberry,blue,pentagon,True,True,False
41.0,0.11,6.7283,,green,pentagon,False,True,True
94.0,0.28,2.263,elderberry,blue,triangle,False,False,True
41.0,0.16,-1.1434,apple,red,pentagon,False,False,True
27.0,0.59,-7.6268,elderberry,yellow,triangle,True,True,False
55.0,0.29,-0.8485,cherry,green,hexagon,True,True,True
82.0,0.78,-8.8553,apple,blue,triangle,False,False,False
48.0,0.13,-8.9899,cherry,green,circle,True,False,False
80.0,0.22,-6.1093,apple,purple,pentagon,False,True,True
99.0,0.96,1.5566,cherry,yellow,triangle,True,False,True
92.0,0.99,-1.3828,banana,red,hexagon,False,True,True
29.0,0.95,-6.1145,cherry,green,square,False,False,False
52.0,0.55,-1.6828,date,yellow,circle,False,False,False
97.0,0.36,0.1073,elderberry,purple,circle,True,False,False
76.0,0.3,1.5443,date,yellow,triangle,False,True,True
18.0,0.15,5.6643,cherry,red,hexagon,True,True,
10.0,0.99,-3.4744,elderberry,yellow,square,False,True,True
99.0,0.34,-4.8258,elderberry,yellow,hexagon,True,False,True
80.0,0.58,7.2584,apple,red,hexagon,True,True,False
19.0,0.71,5.3174,cherry,green,hexagon,True,True,False
73.0,0.89,1.8611,banana,blue,triangle,True,True,True
42.0,0.91,6.9785,apple,yellow,pentagon,False,False,True
40.0,0.84,-7.8394,date,blue,triangle,True,True,True
75.0,0.86,-2.7345,elderberry,yellow,triangle,False,True,True
68.0,0.56,-4.905,apple,purple,square,,True,True
72.0,0.99,6.4118,elderberry,purple,square,True,False,False
49.0,0.3,-8.2578,elderberry,purple,circle,False,False,False
4.0,0.07,-4.4626,elderberry,,hexagon,True,False,False
43.0,0.58,-5.5898,banana,red,square,True,False,False
34.0,0.43,-5.8109,elderberry,yellow,square,True,False,False
58.0,0.19,8.8474,banana,green,pentagon,False,True,False
39.0,0.52,-3.7686,cherry,purple,square,True,False,False
51.0,0.13,-1.7118,apple,blue,square,False,True,True
53.0,0.13,0.6565,apple,,circle,False,True,False
57.0,0.65,-9.2957,date,yellow,pentagon,False,False,False
89.0,0.1,-5.9707,cherry,purple,circle,True,True,False
46.0,0.7,9.1894,banana,red,triangle,False,True,
84.0,0.74,8.3444,banana,red,triangle,False,True,True
67.0,0.1,-2.8449,date,yellow,hexagon,False,False,False
23.0,0.86,-1.6747,apple,red,hexagon,False,True,True
4.0,0.5,-6.408,elderberry,purple,pentagon,False,False,False
49.0,0.71,-6.9623,apple,red,circle,True,False,True
59.0,0.61,0.4499,banana,yellow,square,True,False,True
61.0,0.57,-1.8978,cherry,blue,square,True,True,True
73.0,0.32,-1.9152,cherry,yellow,circle,True,False,False
19.0,0.77,-1.7379,banana,yellow,square,True,True,True
4.0,0.86,-7.9527,banana,blue,square,True,True,False
1.0,0.94,0.3442,,red,triangle,True,True,True
48.0,0.48,6.4328,date,red,hexagon,False,False,False
67.0,0.32,0.2573,apple,yellow,triangle,True,True,False
7.0,0.12,-2.0344,cherry,green,hexagon,False,True,True
82.0,0.65,-8.9456,elderberry,yellow,square,True,True,True
1.0,0.94,7.7183,banana,green,square,False,True,False
35.0,0.38,2.6911,apple,green,triangle,False,False,False
89.0,0.46,9.1169,date,green,circle,True,False,False
44.0,0.67,-4.9203,date,red,circle,True,False,True
9.0,0.78,-6.6048,date,blue,triangle,True,True,True
89.0,0.09,1.7525,apple,,pentagon,True,True,
30.0,0.26,2.9367,apple,purple,hexagon,False,False,True
98.0,0.38,-5.1956,date,blue,circle,False,True,True
9.0,0.11,6.0751,banana,yellow,pentagon,True,False,True
76.0,0.55,-9.1452,cherry,purple,hexagon,True,True,False
76.0,1.0,1.5157,cherry,green,hexagon,True,False,False
25.0,0.13,-8.9504,banana,red,pentagon,True,True,True
49.0,0.99,-2.8408,elderberry,red,triangle,False,True,True
78.0,0.69,-7.6094,elderberry,green,square,True,False,True
60.0,0.88,0.2596,date,,triangle,False,False,True
54.0,0.27,-0.456,apple,yellow,triangle,True,True,True
33.0,0.9,-2.4401,apple,red,triangle,True,False,
41.0,0.75,4.7634,cherry,red,triangle,False,False,True
72.0,0.47,5.8613,apple,purple,pentagon,True,True,True
80.0,0.77,6.2416,,purple,pentagon,False,True,False
59.0,0.27,-6.2808,apple,yellow,pentagon,False,True,False
,0.74,-6.7873,cherry,yellow,pentagon,True,True,False
9.0,0.01,-1.1246,banana,red,pentagon,True,False,True
79.0,0.19,1.3686,date,purple,circle,False,True,True
36.0,0.89,7.8047,apple,purple,square,False,True,False
53.0,0.03,-3.7347,cherry,blue,triangle,False,True,False
4.0,0.92,-4.0399,banana,yellow,pentagon,True,False,True
38.0,0.83,-4.3278,elderberry,blue,triangle,,True,False
3.0,0.04,0.9098,apple,red,hexagon,True,True,False
6.0,0.84,4.1098,elderberry,blue,circle,False,True,True
71.0,0.01,9.7338,elderberry,red,square,False,False,False
92.0,0.2,-5.5215,banana,blue,hexagon,True,True,False
14.0,0.01,-7.6268,elderberry,green,circle,False,False,True
76.0,0.13,0.6271,apple,green,square,True,True,False
39.0,0.28,-9.6668,,green,square,False,True,False
11.0,0.3,6.6308,cherry,blue,square,True,False,False
20.0,0.38,2.8897,banana,red,hexagon,False,True,True
24.0,0.76,5.9329,banana,yellow,square,True,False,True
56.0,0.61,-1.0909,apple,green,triangle,False,False,False
88.0,0.93,3.6134,,blue,circle,False,False,True
54.0,0.05,1.4152,apple,purple,pentagon,True,False,True
6.0,0.8,9.7338,date,yellow,square,True,True,True
57.0,0.58,5.9132,cherry,purple,hexagon,False,True,True
20.0,0.32,0.1073,elderberry,green,hexagon,True,False,False
88.0,0.82,-9.5995,banana,red,square,False,False,True
22.0,0.32,-4.8504,cherry,yellow,pentagon,True,False,False
64.0,0.12,-5.3923,cherry,blue,hexagon,False,True,True
1.0,0.64,0.1628,date,green,triangle,True,True,False
59.0,0.46,8.3444,apple,red,circle,True,False,True
1.0,0.42,6.4541,banana,purple,pentagon,True,True,False
18.0,0.34,-1.97,banana,red,hexagon,True,True,False
75.0,0.89,4.7974,date,purple,square,True,True,True
53.0,0.57,7.216,apple,purple,square,False,False,False
72.0,0.4,-1.1121,date,green,pentagon,False,True,True
88.0,0.01,-8.5817,banana,yellow,hexagon,False,False,False
,0.32,6.4118,elderberry,yellow,pentagon,False,True,
66.0,0.6,0.1337,elderberry,purple,triangle,True,False,False
13.0,0.46,7.2499,cherry,green,hexagon,False,False,False
36.0,0.05,-7.9249,banana,purple,triangle,True,True,True
82.0,0.84,3.0717,banana,green,square,False,False,True
45.0,0.14,5.66,apple,purple,hexagon,True,True,True
1.0,0.56,4.7576,banana,green,,True,True,False
96.0,0.29,6.1544,date,green,square,True,False,False
73.0,0.03,3.7438,cherry,purple,triangle,False,True,True
53.0,0.71,4.3587,elderberry,purple,hexagon,True,True,False
65.0,0.94,5.2066,cherry,green,triangle,False,True,True
25.0,0.66,-2.0546,date,red,pentagon,True,True,True
9.0,0.56,9.1894,cherry,green,pentagon,False,False,False
21.0,0.61,-0.5199,cherry,,circle,False,True,True
74.0,0.99,5.5873,banana,yellow,,True,False,False
86.0,0.3,-3.2211,cherry,purple,hexagon,True,False,True
8.0,0.94,5.8257,cherry,red,pentagon,False,True,False
40.0,0.04,7.0442,date,green,hexagon,False,True,True
66.0,0.7,0.2773,elderberry,yellow,pentagon,True,False,True
77.0,0.38,-0.2523,banana,purple,circle,False,True,False
68.0,0.69,8.62,apple,red,square,False,True,False
76.0,0.84,-3.7562,cherry,purple,pentagon,True,True,True
10.0,0.76,-0.2523,cherry,green,square,False,False,True
62.0,0.81,4.4614,apple,blue,circle,True,False,False
57.0,0.9,0.3459,elderberry,blue,pentagon,True,True,True
52.0,0.34,-5.368,,blue,pentagon,False,True,False
64.0,0.14,-5.8109,elderberry,green,circle,True,False,False
72.0,0.69,7.2584,banana,red,pentagon,True,False,True
22.0,0.77,4.3847,elderberry,red,hexagon,False,False,True
69.0,0.74,7.4263,date,purple,triangle,False,False,False
21.0,0.2,9.7313,cherry,red,pentagon,False,True,True
12.0,0.6,-7.9249,cherry,blue,triangle,False,False,False
98.0,0.46,-6.2614,elderberry,green,square,False,True,True
68.0,0.94,1.5157,cherry,green,square,True,True,False
81.0,0.87,-7.777,banana,purple,triangle,True,False,True
62.0,0.87,7.2442,cherry,green,triangle,False,True,False
97.0,0.54,7.5683,date,purple,pentagon,True,,True
58.0,0.24,-3.5254,apple,yellow,pentagon,False,True,True
19.0,0.78,1.6313,elderberry,red,hexagon,False,False,False
41.0,0.17,-4.4073,date,red,pentagon,True,False,True
24.0,0.62,0.9461,date,green,square,False,True,True
61.0,0.2,-8.0498,apple,green,circle,False,False,True
63.0,0.03,-3.2547,date,yellow,pentagon,True,True,True
6.0,0.78,-4.0399,apple,yellow,circle,,False,False
99.0,0.72,-2.1348,apple,green,square,False,True,False
46.0,0.7,5.3594,cherry,red,hexagon,True,False,True
64.0,0.7,-0.4923,cherry,blue,triangle,False,True,False
77.0,0.71,1.386,date,yellow,pentagon,False,True,False
58.0,0.18,1.0387,apple,green,square,False,True,False
97.0,0.3,6.749,cherry,green,circle,False,True,True
16.0,0.2,2.5926,apple,red,square,False,False,False
52.0,0.09,2.4704,,yellow,hexagon,True,False,False
38.0,0.15,-7.8775,cherry,purple,square,False,False,True
39.0,0.02,8.9704,date,blue,triangle,False,True,True
70.0,0.91,8.5241,banana,green,pentagon,True,True,True
52.0,0.71,9.6248,apple,,pentagon,True,True,False
70.0,0.59,1.5566,,blue,square,False,False,True
32.0,,-3.2211,banana,yellow,triangle,False,,False
93.0,0.44,-8.4079,cherry,red,triangle,False,True,True
90.0,0.89,-5.7543,date,yellow,pentagon,False,True,False
,0.78,3.9037,apple,red,,False,True,False
5.0,0.13,1.5443,elderberry,,square,False,False,False
62.0,0.57,3.9159,cherry,yellow,hexagon,False,False,False
6.0,0.97,-7.3788,banana,purple,square,True,False,False
20.0,0.09,-7.3414,apple,yellow,circle,False,True,True
61.0,0.45,-0.4736,apple,yellow,circle,False,False,False
95.0,0.26,6.3014,elderberry,green,triangle,False,False,True
67.0,0.23,-7.5661,date,purple,triangle,False,True,False
89.0,0.99,-1.4247,banana,,circle,False,False,True
79.0,0.17,0.6271,apple,green,hexagon,True,True,False
75.0,0.2,8.7165,date,purple,square,True,True,False
80.0,0.4,-4.6646,date,yellow,triangle,True,False,True
56.0,0.98,0.3459,cherry,green,square,True,True,True
76.0,0.99,-4.2424,banana,green,circle,False,False,
94.0,0.16,-6.1653,banana,blue,triangle,True,False,True
75.0,0.79,-7.8919,date,red,square,True,True,True
97.0,0.62,7.2499,,blue,triangle,False,False,True
88.0,0.38,8.8715,apple,green,square,False,False,False
63.0,0.33,2.4048,date,blue,triangle,True,True,False
5.0,0.55,-1.7858,cherry,green,circle,False,True,False
1.0,0.3,-0.6624,cherry,,hexagon,False,True,False
23.0,0.56,-4.3721,banana,blue,hexagon,True,True,True
25.0,0.01,9.6236,elderberry,green,circle,True,True,False
69.0,0.77,9.3923,cherry,red,triangle,False,True,True
57.0,0.29,-6.3427,cherry,red,circle,False,True,True
46.0,0.89,-5.957,banana,purple,hexagon,False,False,True
73.0,0.11,6.2613,apple,yellow,square,True,True,False
48.0,0.32,-1.5009,apple,purple,triangle,True,False,False
85.0,0.9,8.9074,date,red,triangle,False,False,True
41.0,0.28,6.3014,banana,yellow,pentagon,True,False,False
71.0,0.56,-5.0236,date,blue,triangle,True,True,True
55.0,0.31,1.8611,cherry,blue,hexagon,False,False,True
21.0,0.57,-3.7347,cherry,red,triangle,True,False,True
64.0,0.47,1.7302,cherry,red,pentagon,False,False,False
72.0,0.23,4.0867,banana,blue,pentagon,False,True,False
64.0,0.22,4.9273,apple,red,square,True,True,True
4.0,0.28,-0.1582,banana,,pentagon,False,False,False
26.0,0.14,6.7306,date,blue,triangle,True,True,True
92.0,0.08,-2.54,date,red,pentagon,False,True,False
52.0,0.06,-4.68,banana,blue,pentagon,True,True,
77.0,0.55,-2.54,cherry,yellow,circle,True,False,True
31.0,0.73,3.0757,banana,red,hexagon,False,False,False
31.0,0.9,6.9636,banana,purple,square,True,True,False
47.0,0.27,-7.9117,apple,,square,False,False,True
51.0,0.6,1.9875,elderberry,blue,square,True,False,False
97.0,0.26,6.4109,banana,green,hexagon,True,False,True
19.0,0.28,-9.7268,banana,red,square,False,False,True
34.0,0.11,-5.3923,banana,yellow,circle,True,False,True
22.0,0.51,-8.8768,apple,green,hexagon,True,False,True
84.0,0.99,-7.2631,date,blue,circle,False,True,False
71.0,0.41,-7.7153,apple,blue,circle,False,False,False
39.0,0.21,-2.8408,apple,yellow,square,False,True,False
74.0,0.82,3.216,date,green,square,False,True,True
58.0,0.73,-2.2889,banana,red,triangle,True,True,True
27.0,0.41,7.8681,date,yellow,circle,False,False,True
70.0,0.1,-6.7289,cherry,green,,True,False,False
11.0,0.62,6.8994,banana,purple,hexagon,False,True,
94.0,0.45,4.2939,date,red,square,True,True,False
18.0,0.06,-9.5192,apple,purple,square,,False,True
56.0,0.11,6.1544,cherry,yellow,triangle,False,True,False
81.0,0.59,1.2928,cherry,red,hexagon,False,False,False
42.0,0.54,1.6313,banana,yellow,circle,False,True,True
44.0,0.47,1.8611,date,green,circle,False,True,False
86.0,0.9,3.8984,elderberry,purple,pentagon,False,,True
55.0,0.35,-1.7118,,red,square,True,True,True
22.0,0.26,-1.0766,date,yellow,triangle,True,True,True
64.0,0.95,1.6684,cherry,green,pentagon,True,True,True
54.0,0.59,-5.7372,banana,,hexagon,True,False,True
82.0,0.17,-7.9527,banana,blue,square,False,False,True
7.0,0.44,8.5719,cherry,,hexagon,False,True,True
69.0,0.44,-0.0791,banana,purple,circle,False,True,False
80.0,0.97,-7.6356,elderberry,blue,hexagon,False,False,
38.0,0.11,-3.6801,banana,purple,triangle,False,True,False
46.0,0.47,6.4446,banana,,pentagon,True,False,True
86.0,0.09,-6.9623,cherry,blue,,True,True,True
40.0,0.3,-0.8636,elderberry,green,pentagon,True,True,True
92.0,0.78,-9.8447,date,green,pentagon,True,False,True
22.0,0.93,-0.956,date,blue,triangle,False,True,False
88.0,0.57,-3.7074,banana,red,square,False,False,False
40.0,0.97,-1.1074,elderberry,blue,triangle,False,True,False
47.0,0.03,-7.9527,apple,blue,hexagon,False,True,False
40.0,0.78,-7.2206,elderberry,green,pentagon,False,,True
9.0,0.86,-7.5116,cherry,red,square,True,True,True
99.0,0.56,-3.4778,cherry,purple,pentagon,False,False,False
62.0,0.12,-0.6404,cherry,yellow,pentagon,True,True,True
27.0,0.08,-3.6784,date,red,,True,False,True
41.0,0.38,-9.1942,apple,yellow,pentagon,True,False,True
7.0,0.45,-3.5402,elderberry,yellow,square,True,True,True
19.0,0.0,-8.5133,cherry,,circle,True,False,True
64.0,0.57,4.8806,banana,red,circle,True,False,False
60.0,0.37,7.3936,apple,blue,square,False,True,False
94.0,0.86,1.8611,cherry,purple,hexagon,False,False,True
69.0,0.92,8.8756,cherry,purple,pentagon,True,False,True
90.0,0.98,-0.555,cherry,yellow,pentagon,True,True,False
25.0,0.63,-3.4744,date,purple,hexagon,False,True,True
71.0,0.44,-8.9456,cherry,red,circle,True,True,True
84.0,0.92,7.2697,,green,circle,False,True,True
26.0,0.86,3.6096,date,blue,circle,False,False,True
92.0,0.3,6.4065,elderberry,red,square,True,True,False
71.0,0.2,-0.7159,apple,purple,triangle,True,False,False
100.0,0.22,-4.8851,cherry,red,circle,True,True,True
86.0,0.24,-3.0041,banana,green,square,True,True,True
58.0,0.1,6.5877,cherry,purple,circle,True,False,True
26.0,0.08,-6.4866,elderberry,red,hexagon,False,False,True
6.0,0.9,-8.819,apple,,triangle,True,False,
53.0,0.51,-6.5082,apple,,triangle,False,True,False
23.0,0.08,2.6911,elderberry,green,triangle,False,True,False
6.0,0.12,-2.2433,banana,red,,True,True,False
17.0,0.62,3.4551,date,blue,square,True,,False
84.0,0.79,1.2928,cherry,green,triangle,True,True,False
74.0,0.24,4.298,elderberry,blue,hexagon,True,False,True
89.0,0.3,-2.6129,apple,blue,triangle,False,False,True
92.0,0.94,-5.6175,apple,,pentagon,True,True,False
82.0,0.63,1.4152,cherry,red,square,False,False,True
52.0,0.4,-7.2326,elderberry,yellow,triangle,True,False,
85.0,0.22,-3.2211,cherry,red,circle,True,False,False
76.0,0.04,-0.8407,banana,yellow,hexagon,False,True,False
8.0,0.32,7.3936,date,purple,square,False,True,True
96.0,0.37,0.9185,elderberry,blue,circle,True,True,False
90.0,0.36,-1.4628,elderberry,red,triangle,True,True,True
96.0,0.99,-3.7562,,yellow,triangle,False,False,
19.0,0.99,-8.3519,apple,yellow,circle,True,False,True
76.0,0.16,0.1337,apple,yellow,hexagon,True,True,False
60.0,0.57,3.3951,date,blue,hexagon,False,False,False
74.0,0.16,-4.0916,elderberry,blue,circle,False,False,True
72.0,0.04,4.2356,banana,,triangle,False,True,True
46.0,0.77,7.4263,banana,purple,hexagon,False,True,
91.0,0.19,8.4733,elderberry,green,triangle,False,False,True
13.0,0.25,-1.3758,apple,purple,triangle,False,False,False
91.0,0.13,-8.9504,banana,green,square,False,False,True
23.0,0.3,9.0429,cherry,green,hexagon,False,True,False
41.0,0.73,6.8,cherry,red,pentagon,False,True,False
60.0,0.06,6.0751,date,green,hexagon,True,True,True
18.0,0.4,-1.7118,banana,green,circle,True,False,True
14.0,0.9,-7.8718,date,red,triangle,False,False,False
73.0,0.22,-0.9747,date,green,pentagon,False,True,True
39.0,0.91,3.0945,cherry,purple,circle,True,False,True
76.0,0.26,6.9989,date,yellow,,False,False,False
53.0,0.04,9.1894,banana,yellow,pentagon,True,False,True
22.0,0.96,-0.9944,apple,purple,circle,False,False,True
6.0,0.18,8.5241,apple,red,pentagon,False,True,False
92.0,1.0,-8.6056,banana,green,square,False,False,True
8.0,0.08,-8.2586,cherry,purple,pentagon,True,True,True
92.0,0.76,-8.0498,elderberry,green,triangle,False,True,True
28.0,0.04,7.3245,date,blue,triangle,True,False,False
47.0,0.07,-7.2631,elderberry,red,hexagon,True,False,False
72.0,0.99,6.4961,banana,purple,pentagon,True,False,False
64.0,0.18,-7.777,cherry,green,circle,False,False,True
46.0,0.21,3.0945,cherry,purple,hexagon,True,False,True
77.0,0.01,0.7517,banana,yellow,circle,True,False,True
55.0,0.9,2.8076,apple,yellow,square,False,True,True
41.0,0.47,3.3601,date,purple,square,False,False,False
17.0,0.76,6.0751,,yellow,triangle,False,True,True
45.0,0.59,4.1191,apple,green,square,False,True,True
35.0,0.34,0.6445,apple,green,circle,True,True,True
94.0,0.61,2.9367,elderberry,purple,circle,False,False,False
11.0,0.21,7.6962,banana,blue,circle,False,False,False
83.0,0.76,-1.7118,elderberry,green,triangle,True,False,False
95.0,0.22,0.055,date,red,,True,False,False
41.0,0.05,-2.2889,elderberry,purple,circle,True,True,True
10.0,0.36,8.7775,cherry,red,pentagon,True,False,True
47.0,0.98,-7.2726,date,yellow,hexagon,False,False,True
57.0,0.79,6.5535,cherry,green,hexagon,False,False,False
12.0,0.55,0.6565,date,green,hexagon,False,False,False
59.0,0.29,8.1247,cherry,yellow,pentagon,False,False,False
73.0,0.33,6.7722,apple,red,circle,True,False,False
36.0,0.54,-0.5497,cherry,yellow,triangle,False,False,False
87.0,0.61,-6.2499,cherry,purple,hexagon,True,True,False
23.0,0.09,0.2816,elderberry,purple,hexagon,False,False,False
69.0,0.53,5.5873,date,red,pentagon,True,True,False
42.0,0.65,-1.1434,date,purple,circle,False,True,True
47.0,0.99,5.7038,apple,yellow,hexagon,True,False,False
18.0,0.31,1.7525,date,purple,triangle,True,True,False
40.0,0.71,-7.5077,cherry,green,square,True,False,True
22.0,0.31,-4.6517,elderberry,green,square,False,True,False
12.0,0.85,3.0945,elderberry,purple,hexagon,False,True,False
7.0,0.42,3.6531,apple,purple,pentagon,True,False,True
96.0,0.41,-7.6356,elderberry,green,triangle,False,True,False
32.0,0.44,-8.8553,apple,blue,pentagon,False,False,True
27.0,0.19,-5.3728,banana,green,triangle,False,True,False
23.0,0.95,-4.5176,cherry,green,circle,False,True,False
39.0,0.16,-4.0066,apple,blue,circle,True,True,True
86.0,0.02,4.2356,date,blue,circle,True,True,True
43.0,0.41,-6.5082,apple,purple,triangle,False,False,False
3.0,0.86,-2.3822,apple,red,square,False,True,True
87.0,0.68,5.9132,date,yellow,hexagon,False,False,True
,0.16,-1.056,date,red,hexagon,False,False,False
13.0,0.52,-1.6331,elderberry,blue,circle,True,False,True
13.0,0.99,3.2749,date,red,square,False,False,True
87.0,0.89,-7.6352,date,blue,square,True,True,False
76.0,1.0,7.12,cherry,purple,triangle,,True,False
96.0,0.1,8.7345,apple,purple,circle,True,False,False
98.0,0.9,5.7266,apple,blue,circle,False,False,False
20.0,0.78,7.0358,cherry,green,pentagon,False,False,True
38.0,0.23,-1.2801,date,green,pentagon,True,False,True
11.0,0.55,3.4551,cherry,purple,circle,True,True,True
81.0,0.94,9.6781,date,purple,triangle,False,True,False
25.0,0.01,9.7313,cherry,green,square,False,False,False
40.0,0.36,-6.5625,apple,yellow,pentagon,True,False,False
79.0,0.26,-4.6646,banana,purple,triangle,False,True,False
35.0,0.0,-8.3607,elderberry,red,circle,False,False,False
84.0,0.9,1.0387,date,green,hexagon,True,True,True
12.0,0.78,8.0645,elderberry,purple,triangle,True,True,True
76.0,0.38,0.2791,apple,yellow,square,False,False,True
72.0,0.19,-4.9825,,green,square,False,False,True
88.0,0.92,-2.0546,banana,green,triangle,False,False,False
10.0,0.19,-7.2596,apple,blue,square,False,True,True
33.0,0.9,0.3656,,green,square,True,True,False
69.0,0.9,6.4446,banana,yellow,triangle,True,False,False
95.0,0.65,2.3658,date,green,circle,True,True,True
16.0,0.47,9.242,apple,yellow,pentagon,True,False,True
1.0,0.51,0.9461,date,purple,circle,False,False,True
84.0,0.0,7.7183,elderberry,red,circle,False,False,True
21.0,0.29,2.3343,banana,green,hexagon,True,True,False
64.0,0.36,0.2773,date,green,pentagon,True,False,True
59.0,0.92,-3.2135,apple,yellow,pentagon,False,True,False
41.0,0.23,7.3435,date,blue,triangle,False,True,False
53.0,0.45,6.7891,banana,yellow,square,False,True,False
28.0,0.05,9.7313,banana,purple,hexagon,False,True,False
40.0,0.29,1.2373,banana,green,hexagon,False,False,True
85.0,0.33,-5.3923,apple,purple,square,False,True,True
62.0,0.32,6.1023,elderberry,,pentagon,True,True,True
60.0,0.07,7.4263,cherry,red,circle,True,False,True
57.0,0.39,2.8205,banana,blue,,True,True,False
68.0,0.21,-3.2211,cherry,,pentagon,False,False,False
10.0,0.6,-2.7671,banana,,hexagon,False,True,True
42.0,0.42,-6.4866,date,red,pentagon,False,True,True
49.0,0.09,-7.9887,,red,hexagon,True,False,True
41.0,0.44,2.0277,cherry,red,square,True,True,False
36.0,0.07,2.1185,elderberry,,triangle,True,False,False
94.0,0.01,0.2816,cherry,red,circle,True,True,False
1.0,0.54,4.4226,apple,green,triangle,False,True,False
58.0,0.59,-9.9814,date,purple,hexagon,False,True,True
55.0,0.25,4.4482,cherry,red,triangle,False,True,True
3.0,0.53,-6.5082,date,yellow,square,False,True,True
11.0,0.38,3.9919,elderberry,blue,hexagon,False,False,True
57.0,0.24,-8.7379,cherry,purple,pentagon,False,True,False
75.0,0.48,9.0164,elderberry,blue,circle,True,True,False
75.0,0.56,3.3871,date,yellow,triangle,False,True,False
35.0,0.23,-3.8425,cherry,yellow,circle,False,False,False
56.0,0.91,-5.3385,date,blue,hexagon,False,False,True
11.0,0.11,-2.7921,banana,red,circle,True,False,True
77.0,0.9,-5.6457,,green,hexagon,True,False,False
84.0,0.27,4.9236,date,blue,square,True,True,False
52.0,0.17,-5.7543,apple,purple,square,False,True,True
55.0,0.22,0.7408,banana,purple,pentagon,True,False,False
20.0,0.84,6.9989,date,green,circle,False,False,False
79.0,0.72,2.1901,apple,yellow,triangle,False,True,True
5.0,0.46,-4.0916,apple,yellow,circle,True,True,False
71.0,0.97,5.8836,cherry,purple,triangle,False,,True
55.0,0.99,0.5513,banana,green,triangle,False,False,False
96.0,0.04,-8.0604,cherry,blue,square,True,True,False
95.0,0.63,6.4961,banana,blue,circle,False,False,
73.0,0.52,-0.6242,apple,green,square,True,True,True
48.0,0.09,-1.6522,date,green,hexagon,True,True,True
10.0,0.45,3.216,cherry,green,pentagon,False,True,True
33.0,0.53,-5.117,banana,red,triangle,False,True,True
25.0,0.01,-5.3744,banana,yellow,hexagon,,True,False
97.0,0.5,-1.0945,date,blue,square,False,False,False
25.0,0.2,7.0442,apple,blue,square,False,True,True
21.0,0.06,4.3076,apple,green,circle,False,False,True
59.0,0.99,-2.5211,apple,blue,square,False,True,True
92.0,0.91,3.2341,elderberry,yellow,square,False,True,True
69.0,0.94,3.2341,date,blue,triangle,True,False,True
28.0,0.71,-5.802,date,green,triangle,False,False,True
41.0,0.75,6.9002,date,green,pentagon,True,False,False
44.0,0.16,-2.6129,date,blue,square,False,,True
32.0,0.24,3.7035,cherry,red,hexagon,True,True,False
29.0,0.04,3.8984,date,purple,pentagon,False,True,False
81.0,0.55,8.5165,apple,green,triangle,True,False,True
68.0,0.77,9.3549,date,green,square,True,,False
44.0,0.63,-1.9641,elderberry,red,square,False,False,False
74.0,0.32,4.7482,cherry,green,circle,True,False,False
56.0,0.17,-4.6984,banana,green,square,False,False,True
83.0,0.8,-6.5681,banana,green,hexagon,True,True,True
56.0,0.82,0.055,date,yellow,circle,True,False,False
98.0,0.29,7.3435,date,red,square,True,False,False
0.0,0.3,8.8474,elderberry,blue,hexagon,False,False,True
61.0,0.2,-1.6342,banana,purple,pentagon,True,True,True
5.0,0.36,-8.8859,elderberry,purple,triangle,False,True,True
11.0,0.74,-0.8407,cherry,red,hexagon,True,True,True
82.0,0.98,7.4525,elderberry,green,triangle,True,True,False
25.0,0.12,-1.9555,cherry,blue,circle,True,False,True
27.0,0.87,0.9185,cherry,red,triangle,True,True,True
27.0,0.81,9.3042,date,blue,hexagon,False,True,False
21.0,0.37,5.6643,date,red,pentagon,False,True,True
65.0,0.33,9.0789,,yellow,circle,False,False,False
35.0,0.48,2.6911,apple,green,triangle,True,False,False
58.0,0.28,-0.8636,apple,red,square,True,True,True
73.0,0.47,1.3686,elderberry,red,triangle,True,True,False
39.0,0.25,4.9144,cherry,purple,circle,False,True,False
53.0,0.6,-9.5047,date,red,square,True,False,True
21.0,0.35,-7.2151,cherry,yellow,pentagon,False,True,True
32.0,0.57,-4.8504,apple,blue,triangle,True,False,False
12.0,0.56,-3.7562,elderberry,yellow,triangle,True,True,False
1.0,0.06,-9.351,date,blue,square,True,True,False
90.0,0.15,1.0796,banana,red,square,True,False,True
14.0,0.32,-8.6525,banana,blue,triangle,False,True,False
90.0,0.86,-5.832,elderberry,red,pentagon,True,False,True
11.0,0.78,-7.5179,apple,green,,False,True,False
71.0,0.7,7.1367,elderberry,yellow,triangle,True,False,False
94.0,0.44,0.6828,banana,blue,triangle,False,False,False
39.0,0.49,-5.3923,date,red,pentagon,True,False,False
82.0,0.25,2.7209,elderberry,green,triangle,False,True,False
53.0,0.06,-2.1348,date,yellow,triangle,False,True,False
68.0,0.72,-7.5851,cherry,,square,False,True,True
22.0,0.28,3.0757,date,yellow,hexagon,True,False,False
42.0,0.93,2.4848,banana,green,triangle,False,False,False
39.0,0.26,-9.351,banana,yellow,pentagon,True,True,True
70.0,0.09,-7.9117,,purple,pentagon,True,True,True
43.0,0.24,-8.8553,date,purple,square,True,False,True
100.0,0.05,-9.8637,date,blue,hexagon,True,True,False
98.0,0.48,-0.2523,banana,blue,pentagon,,True,False
47.0,0.69,2.8076,apple,blue,square,True,True,True
0.0,0.98,-6.4317,apple,green,circle,False,False,False
60.0,0.7,6.112,cherry,yellow,circle,False,False,True
49.0,0.05,8.7528,elderberry,green,triangle,False,,False
21.0,0.3,-1.1986,cherry,red,square,False,True,True
78.0,0.6,-3.4368,elderberry,yellow,triangle,True,False,True
75.0,0.13,-5.4832,apple,purple,circle,False,False,True
45.0,0.79,-7.8394,banana,blue,pentagon,True,True,True
94.0,0.13,-9.4886,banana,yellow,square,False,False,False
97.0,0.84,-2.8268,cherry,green,square,False,True,False
31.0,0.08,9.9504,apple,purple,triangle,False,True,True
17.0,0.65,4.5057,,purple,triangle,True,True,True
41.0,0.94,8.4438,banana,green,square,True,True,True
1.0,0.19,-6.1933,elderberry,yellow,square,True,False,False
45.0,0.2,8.5241,cherry,purple,circle,True,True,False
24.0,0.23,8.4862,,green,hexagon,True,True,True
32.0,0.77,3.9919,cherry,blue,pentagon,False,True,False
5.0,0.76,-8.7499,elderberry,yellow,triangle,True,False,True
91.0,0.56,-8.3607,apple,blue,hexagon,False,False,False
88.0,0.91,5.012,date,green,hexagon,False,False,False
88.0,0.35,0.9098,elderberry,purple,circle,False,False,False
71.0,0.32,9.1894,apple,yellow,,True,True,False
63.0,0.82,-7.2136,apple,green,pentagon,True,True,False
82.0,0.59,-8.8859,cherry,blue,square,True,False,False
90.0,0.78,-5.5215,elderberry,blue,circle,True,True,False
75.0,0.85,4.4939,cherry,blue,circle,False,True,True
16.0,0.32,-1.1246,cherry,red,circle,True,False,True
32.0,0.93,2.4704,apple,yellow,hexagon,False,True,True
56.0,0.28,5.7266,apple,blue,triangle,False,True,False
23.0,0.04,-1.4247,elderberry,green,pentagon,False,True,True
22.0,0.27,-1.4271,apple,green,hexagon,True,True,True
70.0,0.5,-9.4626,date,,hexagon,True,False,True
49.0,0.44,7.0585,elderberry,green,hexagon,False,False,True
92.0,0.69,7.2584,banana,red,circle,True,False,False
85.0,0.71,-9.351,date,red,square,True,False,False
70.0,0.19,-6.4795,apple,yellow,hexagon,True,True,False
91.0,0.43,4.3587,date,yellow,circle,True,True,False
70.0,0.48,6.1573,apple,green,circle,False,True,False
43.0,0.59,-1.2801,date,green,pentagon,True,True,True
3.0,0.57,6.3014,banana,red,hexagon,False,,True
99.0,0.6,-5.5215,cherry,green,square,True,False,False
74.0,0.46,-4.765,date,green,hexagon,False,True,True
20.0,0.94,7.4317,apple,red,pentagon,False,True,True
64.0,0.72,5.0907,date,red,square,False,True,False
78.0,0.71,-2.7925,banana,red,circle,True,True,True
45.0,0.87,2.5043,date,red,pentagon,True,True,True
64.0,0.78,0.9185,apple,yellow,square,True,False,True
80.0,0.76,-5.2882,date,blue,circle,False,False,True
92.0,0.41,-2.0649,apple,blue,triangle,False,False,True
33.0,0.52,5.6643,cherry,red,pentagon,False,True,True
72.0,0.52,7.2415,banana,,square,True,True,False
89.0,0.09,7.4525,date,purple,square,False,False,False
81.0,0.6,-3.7074,banana,blue,square,True,False,True
21.0,0.2,2.7126,elderberry,blue,,False,False,False
88.0,0.55,7.2584,elderberry,blue,square,True,False,True
7.0,0.66,-2.3053,banana,green,hexagon,False,False,True
23.0,0.27,7.3114,date,red,pentagon,True,False,True
53.0,0.74,0.7231,apple,yellow,circle,True,True,False
41.0,0.55,-3.8571,cherry,green,,False,False,True
7.0,0.15,-5.1565,date,purple,pentagon,True,True,False
80.0,0.79,-4.9277,date,red,pentagon,False,True,False
74.0,0.51,-6.4795,date,purple,square,False,False,False
76.0,0.79,-0.956,banana,purple,hexagon,False,True,False
97.0,0.85,7.0369,banana,red,pentagon,True,True,False
0.0,0.59,-8.9244,apple,green,,True,True,True
22.0,0.3,4.9876,date,red,circle,False,True,True
68.0,0.66,5.7266,cherry,blue,pentagon,True,True,False
94.0,0.86,9.0419,date,blue,square,False,True,False
38.0,0.4,-7.6179,banana,green,circle,True,True,True
37.0,0.38,4.1485,banana,green,triangle,True,True,True
31.0,0.38,-7.3331,banana,purple,pentagon,True,,True
65.0,0.79,0.2773,apple,red,triangle,True,True,True
45.0,0.52,-2.3822,banana,,triangle,True,True,True
82.0,0.89,-8.9485,elderberry,blue,,False,False,False
53.0,0.45,-5.6969,elderberry,purple,triangle,False,False,False
69.0,1.0,-7.5077,cherry,blue,hexagon,True,False,True
90.0,0.3,-5.6457,cherry,red,square,False,True,False
52.0,0.58,0.7408,apple,purple,triangle,False,False,False
90.0,0.33,7.293,elderberry,blue,hexagon,False,False,True
37.0,0.05,-9.9814,apple,yellow,pentagon,False,False,True
61.0,0.02,9.0911,elderberry,green,triangle,False,False,False
53.0,0.77,-8.0498,cherry,green,pentagon,True,False,False
68.0,0.47,-9.6668,banana,green,circle,True,False,True
80.0,0.98,-3.9343,elderberry,yellow,square,True,False,
92.0,0.62,9.9102,apple,red,triangle,False,True,True
6.0,0.31,2.8417,date,yellow,circle,True,False,True
11.0,0.12,2.4237,cherry,purple,square,False,False,True
88.0,0.02,-2.0175,banana,red,triangle,True,True,True
49.0,0.57,-8.2087,cherry,red,circle,False,,False
64.0,0.51,-6.2918,date,yellow,square,True,True,False
20.0,0.33,-5.832,date,green,triangle,True,True,True
13.0,0.88,3.1543,apple,green,hexagon,True,False,False
100.0,0.92,4.4482,elderberry,red,pentagon,True,True,False
76.0,0.61,3.4551,apple,green,hexagon,True,True,True
14.0,0.86,-1.9661,banana,red,triangle,False,True,False
37.0,0.73,-5.2071,banana,green,pentagon,True,True,True
13.0,0.34,0.2596,apple,purple,pentagon,True,True,False
83.0,0.21,4.8965,apple,blue,square,False,True,True
6.0,0.33,3.3601,,green,circle,True,True,False
3.0,0.31,-3.8746,banana,,hexagon,False,,True
94.0,0.05,4.974,apple,yellow,triangle,,,False
28.0,0.51,-1.1434,apple,purple,pentagon,True,True,False
64.0,0.48,-4.8079,date,green,hexagon,True,False,True
96.0,0.27,-5.957,elderberry,purple,hexagon,True,True,True
21.0,0.52,-8.9107,banana,red,,False,True,True
8.0,0.55,5.8378,apple,red,triangle,False,True,False
52.0,0.56,-1.4363,banana,blue,circle,False,False,True
22.0,0.99,7.6523,apple,green,pentagon,False,False,False
45.0,0.6,2.6404,apple,purple,square,True,True,True
73.0,0.57,-8.722,cherry,blue,pentagon,False,True,True
99.0,0.21,-3.4154,banana,yellow,,False,True,True
31.0,0.7,-8.9098,cherry,yellow,hexagon,False,False,True
88.0,0.27,-3.6522,banana,yellow,hexagon,False,False,False
56.0,0.03,7.4263,elderberry,blue,triangle,False,True,False
5.0,0.29,-8.8452,elderberry,yellow,square,True,False,True
28.0,0.76,6.7283,cherry,blue,square,True,True,False
42.0,0.72,7.111,banana,red,hexagon,False,False,True
100.0,0.23,2.5043,cherry,,hexagon,True,False,False
1.0,0.61,4.7482,cherry,red,hexagon,False,True,True
43.0,0.29,6.2416,date,red,square,True,False,False
30.0,0.46,-7.3788,cherry,purple,triangle,False,False,False
30.0,0.29,3.1999,elderberry,blue,pentagon,False,True,True
96.0,0.68,2.6404,elderberry,yellow,triangle,True,True,False
12.0,0.76,2.6404,banana,blue,triangle,False,False,True
88.0,0.24,-0.7159,cherry,green,pentagon,False,True,True
90.0,0.45,-2.2889,apple,blue,hexagon,False,True,True
59.0,0.83,-9.246,banana,blue,triangle,True,True,True
55.0,0.27,-1.5009,cherry,green,pentagon,True,False,True
20.0,0.6,5.3174,banana,yellow,circle,True,False,True
21.0,0.37,0.9098,elderberry,green,,True,False,True
13.0,0.09,0.3656,apple,purple,circle,False,False,True
2.0,0.39,5.9132,cherry,red,circle,False,True,False
64.0,0.14,-7.7153,date,green,pentagon,False,False,False
52.0,0.13,1.5443,date,yellow,square,False,False,True
50.0,0.3,-0.4907,cherry,purple,hexagon,False,True,True
87.0,0.22,6.411,elderberry,red,pentagon,True,True,True
35.0,0.98,-3.5402,cherry,yellow,pentagon,False,True,False
73.0,0.64,-0.5738,cherry,purple,,True,False,False
76.0,0.02,-2.0344,apple,blue,square,False,False,True
72.0,0.34,3.5329,cherry,purple,hexagon,True,False,True
54.0,0.85,8.5262,elderberry,red,circle,True,,True
39.0,0.62,-7.2631,date,yellow,triangle,False,True,True
77.0,0.59,5.7266,elderberry,purple,pentagon,False,False,False
52.0,0.51,8.6773,cherry,yellow,square,False,False,False
15.0,0.32,-3.9152,apple,green,hexagon,False,True,True
90.0,0.67,-5.6175,apple,red,triangle,True,False,False
45.0,0.57,-5.8799,banana,purple,hexagon,False,True,True
46.0,0.05,-5.3519,date,green,,True,False,True
1.0,0.06,-8.494,elderberry,red,circle,False,False,False
88.0,0.33,-9.7124,banana,yellow,hexagon,False,False,False
61.0,0.3,-9.789,cherry,green,pentagon,True,False,True
2.0,0.4,9.7161,cherry,red,triangle,False,True,True
18.0,0.2,-9.4626,cherry,blue,circle,False,False,False
7.0,0.35,-4.8717,banana,red,triangle,True,True,False
68.0,0.5,-8.5399,apple,yellow,square,False,False,True
89.0,0.4,7.7183,banana,yellow,circle,False,False,True
,0.47,9.0279,apple,green,pentagon,False,False,True
79.0,0.3,2.3013,banana,purple,triangle,True,True,False
36.0,0.84,-4.9277,apple,purple,pentagon,True,False,False
55.0,0.3,6.8994,date,yellow,pentagon,False,False,True
10.0,0.14,-1.4369,banana,red,hexagon,True,False,False
76.0,0.28,7.3711,,yellow,circle,False,True,False
45.0,0.7,-6.7076,banana,green,triangle,True,True,True
39.0,0.62,0.0738,banana,green,square,False,True,True
46.0,0.76,-1.4247,banana,yellow,pentagon,False,False,False
10.0,0.34,8.2345,apple,blue,circle,True,False,False
87.0,0.92,-4.8872,elderberry,purple,square,True,,False
3.0,0.99,8.634,apple,red,triangle,False,True,False
27.0,0.3,-5.3519,elderberry,yellow,square,False,True,True
99.0,0.66,-3.2547,elderberry,red,square,True,False,True
95.0,0.18,0.0742,cherry,purple,hexagon,False,False,False
8.0,0.71,6.1614,cherry,red,circle,True,False,True
83.0,0.94,5.2177,date,red,circle,True,False,False
92.0,0.2,8.9074,cherry,blue,square,False,True,False
87.0,0.69,-9.7481,date,blue,hexagon,True,False,False
61.0,0.6,-7.6835,apple,blue,triangle,False,False,True
86.0,0.76,4.4226,apple,yellow,triangle,True,False,False
75.0,0.35,-4.0916,cherry,green,triangle,True,True,False
10.0,0.94,0.6932,cherry,red,square,True,True,False
87.0,0.75,-5.9707,elderberry,blue,pentagon,False,True,True
2.0,0.81,3.9238,apple,purple,circle,False,False,True
1.0,0.55,5.8399,elderberry,yellow,hexagon,False,True,True
77.0,0.06,-8.4503,banana,yellow,pentagon,True,True,True
43.0,0.93,-6.6048,cherry,yellow,pentagon,True,True,True
57.0,0.89,-0.4907,banana,blue,circle,False,False,False
97.0,0.81,-1.049,cherry,red,square,True,True,False
27.0,0.16,2.2039,apple,blue,hexagon,False,False,False
13.0,0.89,0.2194,cherry,purple,circle,True,True,False
7.0,0.6,-9.0787,elderberry,,pentagon,False,True,True
18.0,0.44,-2.7345,cherry,green,hexagon,True,False,False
75.0,0.01,7.4803,cherry,red,hexagon,False,True,True
42.0,0.9,-8.7379,elderberry,red,circle,True,True,True
72.0,0.77,2.4074,date,blue,hexagon,True,True,False
1.0,0.61,-7.8394,cherry,yellow,hexagon,True,False,False
84.0,0.2,0.1827,banana,red,pentagon,True,False,False
48.0,0.22,-1.3554,elderberry,purple,circle,True,True,True
18.0,0.55,-4.4111,date,blue,circle,False,True,False
10.0,0.63,6.1614,banana,purple,square,False,False,True
17.0,0.05,4.4482,banana,purple,circle,False,False,True
76.0,0.62,7.216,elderberry,yellow,triangle,False,True,False
28.0,0.98,-7.1601,apple,yellow,pentagon,False,False,False
38.0,0.52,8.7775,,yellow,triangle,True,False,False
14.0,0.19,-7.3331,apple,yellow,pentagon,True,False,False
34.0,0.93,0.9376,elderberry,yellow,circle,True,True,False
8.0,0.26,-0.8485,cherry,green,circle,False,True,False
58.0,0.18,-2.8268,cherry,,circle,True,True,False
41.0,0.09,6.2416,elderberry,yellow,square,True,False,False
72.0,0.94,4.0187,cherry,purple,pentagon,False,False,False
80.0,0.27,-8.1888,cherry,purple,circle,True,True,
60.0,0.32,-8.3255,apple,blue,hexagon,False,False,True
18.0,0.67,-3.9638,apple,red,triangle,False,False,False
52.0,0.04,-1.2801,banana,green,pentagon,True,,False
89.0,0.94,-2.251,date,green,circle,True,False,True
6.0,0.2,-5.2657,apple,purple,square,False,,False
41.0,0.25,-4.9825,apple,green,circle,False,True,True
20.0,0.4,-8.7379,cherry,yellow,triangle,True,False,False
4.0,0.55,-8.9107,date,green,square,False,False,False
66.0,0.52,-6.2499,date,red,pentagon,False,True,True
76.0,0.23,5.8836,apple,yellow,hexagon,True,True,True
89.0,0.03,-0.9944,apple,purple,hexagon,True,False,False
60.0,0.57,2.9367,elderberry,red,triangle,False,True,True
91.0,0.56,-9.5076,banana,yellow,circle,True,False,True
1.0,0.98,0.2443,elderberry,yellow,triangle,False,True,True
55.0,0.94,7.9145,elderberry,red,,True,True,False
84.0,0.11,-6.5082,elderberry,red,pentagon,False,True,False
65.0,0.77,-1.227,apple,,pentagon,False,True,False
68.0,0.85,6.1614,elderberry,green,pentagon,False,False,True
92.0,0.24,-8.8768,elderberry,blue,circle,True,False,False
70.0,0.29,-9.2957,date,red,square,True,True,False
13.0,0.32,3.0945,banana,yellow,circle,False,True,True
9.0,0.68,-1.7118,banana,yellow,square,True,True,False
50.0,0.59,8.4862,apple,yellow,circle,True,True,False
84.0,0.33,-3.9638,cherry,red,triangle,False,False,False
38.0,0.25,1.9568,date,purple,hexagon,True,True,True
8.0,0.28,1.9994,banana,green,pentagon,True,True,True
89.0,0.93,5.0907,cherry,blue,hexagon,True,True,True
86.0,0.75,-6.2241,banana,green,pentagon,False,True,True
30.0,0.87,-7.6268,date,green,circle,False,True,False
32.0,0.37,8.6796,elderberry,purple,circle,True,True,True
21.0,0.79,-4.5176,apple,purple,hexagon,True,False,False
92.0,0.44,1.2879,cherry,blue,square,True,False,True
23.0,0.62,-0.4452,apple,purple,square,False,False,True
61.0,0.28,-2.3423,date,purple,square,True,True,False
76.0,0.46,2.5394,date,purple,square,False,True,True
48.0,0.31,2.7698,elderberry,blue,triangle,True,False,False
47.0,0.03,-6.1653,banana,yellow,triangle,,False,True
46.0,0.05,3.8984,,blue,triangle,True,,True
20.0,0.52,-1.97,apple,purple,hexagon,False,True,False
84.0,0.45,-2.8056,date,red,triangle,True,True,False
13.0,0.56,6.9133,apple,green,square,True,False,True
46.0,0.61,8.1773,elderberry,blue,circle,False,False,True
60.0,0.48,7.0358,cherry,blue,square,False,False,False
22.0,0.87,-2.1182,date,yellow,hexagon,True,False,False
92.0,0.45,2.9367,elderberry,purple,hexagon,False,False,False
69.0,0.46,-4.9822,apple,yellow,hexagon,False,False,True
64.0,0.77,2.7214,apple,purple,square,False,False,
7.0,0.36,-1.6747,elderberry,blue,hexagon,True,False,True
27.0,0.8,1.5157,banana,green,hexagon,False,False,True
7.0,0.5,6.4065,apple,green,triangle,True,True,False
75.0,0.14,-2.7345,cherry,red,triangle,True,True,True
82.0,0.92,-7.8369,date,green,triangle,False,False,True
94.0,0.43,7.0666,apple,yellow,triangle,True,True,True
24.0,0.83,-7.1291,banana,yellow,hexagon,True,False,True
69.0,0.28,-7.5116,apple,yellow,circle,False,True,False
73.0,0.58,-1.4363,cherry,yellow,hexagon,False,True,False
1.0,0.55,-3.9152,elderberry,red,circle,True,False,True
23.0,0.86,-5.0236,,red,circle,True,True,False
78.0,0.94,-5.5982,date,yellow,,False,True,False
10.0,0.99,-6.9028,apple,blue,,True,True,False
90.0,0.58,4.6942,elderberry,red,circle,False,False,True
50.0,0.94,-8.3149,cherry,green,triangle,False,True,
56.0,0.18,3.2514,apple,green,circle,True,False,False
95.0,0.2,3.9037,elderberry,blue,triangle,False,True,True
77.0,0.69,-4.4346,date,yellow,pentagon,False,False,True
90.0,0.79,2.5096,date,yellow,,True,True,True
84.0,0.53,-8.6525,date,blue,hexagon,False,True,False
53.0,0.25,4.178,banana,yellow,square,False,True,True
59.0,0.99,-8.494,banana,yellow,hexagon,False,True,False
6.0,0.62,-2.2461,date,yellow,square,False,False,True
47.0,0.86,4.5774,banana,green,pentagon,True,True,False
64.0,0.25,-3.6784,cherry,red,pentagon,True,True,True
85.0,0.06,-4.085,elderberry,yellow,triangle,True,False,False
47.0,0.01,3.7438,elderberry,blue,square,True,True,False
34.0,0.28,-2.0916,cherry,purple,square,True,True,True
98.0,0.48,7.3936,elderberry,purple,circle,False,False,True
0.0,0.02,5.764,elderberry,yellow,pentagon,False,False,True
58.0,0.17,-7.2474,date,blue,triangle,False,True,False
80.0,0.78,-0.4259,banana,blue,square,False,True,False
75.0,0.27,4.4939,banana,blue,triangle,False,False,True
55.0,0.94,-6.708,banana,green,pentagon,True,True,True
3.0,0.87,8.4862,apple,blue,circle,False,False,True
47.0,0.54,1.9875,banana,green,pentagon,True,True,False
82.0,0.56,-0.6404,banana,red,pentagon,False,False,False
56.0,0.03,-8.8577,cherry,,pentagon,False,True,False
27.0,0.57,1.6313,elderberry,red,triangle,True,False,True
52.0,0.48,-5.8799,apple,purple,square,False,True,True
71.0,0.74,9.9504,date,purple,square,False,False,False
80.0,0.42,-4.8258,date,green,square,True,True,True
35.0,0.01,0.6565,apple,yellow,circle,False,True,False
1.0,0.52,-4.3537,elderberry,green,hexagon,True,False,True
80.0,0.96,5.2066,cherry,yellow,triangle,True,False,True
39.0,0.47,-7.6888,banana,blue,pentagon,False,False,False
31.0,0.06,7.2134,date,blue,circle,False,True,
0.0,0.91,3.4709,banana,yellow,hexagon,False,False,False
59.0,0.99,3.8283,date,green,pentagon,False,True,True
78.0,0.91,0.1073,apple,yellow,hexagon,True,False,True
89.0,0.89,6.5877,elderberry,blue,pentagon,False,False,False
98.0,0.65,3.0167,cherry,blue,hexagon,False,True,False
,0.26,-1.9525,date,red,pentagon,False,False,False
7.0,0.68,-7.9527,banana,red,square,True,False,True
46.0,0.48,4.2356,date,blue,triangle,False,True,False
79.0,0.08,1.0387,elderberry,red,circle,False,False,False
7.0,0.65,-0.456,cherry,red,circle,False,True,False
90.0,0.16,5.1862,date,purple,square,False,False,False
55.0,0.13,0.5217,cherry,red,circle,True,True,True
41.0,0.49,7.0358,elderberry,yellow,square,False,True,False
35.0,0.42,6.9454,cherry,blue,circle,False,True,False
20.0,0.81,-7.3331,elderberry,purple,circle,True,False,False
54.0,0.44,1.9875,elderberry,green,pentagon,False,False,False
0.0,0.18,-6.6048,cherry,blue,circle,True,False,False
16.0,0.89,-8.3147,banana,green,hexagon,True,True,False
51.0,0.62,8.3568,cherry,green,circle,False,True,True
55.0,0.2,-0.6749,elderberry,green,pentagon,True,False,True
46.0,0.25,3.3601,banana,red,pentagon,True,False,True
43.0,0.02,6.263,cherry,,hexagon,False,True,True
88.0,0.51,-1.4369,elderberry,green,hexagon,True,True,True
71.0,0.78,-7.7019,banana,blue,circle,True,False,True
4.0,0.59,-4.9825,date,yellow,,True,True,True
57.0,0.22,6.1679,banana,blue,pentagon,True,False,True
6.0,0.55,-7.6356,apple,purple,pentagon,False,False,True
56.0,0.7,1.5443,elderberry,green,hexagon,False,False,True
72.0,0.91,7.425,apple,yellow,square,False,False,False
69.0,0.66,2.1185,banana,red,pentagon,False,True,False
,0.12,-7.3331,elderberry,purple,square,True,False,True
19.0,0.13,-6.1426,banana,yellow,triangle,False,False,False
82.0,0.81,6.5042,,blue,circle,False,True,False
,0.76,3.7762,,red,pentagon,False,False,True
31.0,0.2,-9.2957,banana,blue,circle,False,True,False
20.0,0.6,8.5262,apple,,square,False,False,False
65.0,0.71,-9.0601,date,blue,triangle,False,True,False
5.0,0.69,-4.8851,cherry,green,pentagon,True,False,True
5.0,0.82,-3.4824,apple,red,hexagon,False,True,False
63.0,0.91,-0.4259,date,green,square,True,True,True
63.0,0.65,-3.7074,apple,yellow,circle,True,,False
52.0,0.32,2.3841,elderberry,,hexagon,True,False,
69.0,0.08,-5.2657,apple,green,,True,True,False
44.0,0.07,-5.7372,apple,purple,pentagon,True,True,False
